{"cameraMode":{"drawMode":0,"name":"Shaded","section":"Shading Mode"},"sceneLighting":true,"audioPlay":false,"sceneViewState":{"showFog":true,"showMaterialUpdate":false,"showSkybox":false,"showFlares":true,"showImageEffects":true,"showParticleSystems":true},"in2DMode":false,"pivot":{"x":1.8460273742675782,"y":0.4773993492126465,"z":1.7599682807922364},"rotation":{"x":-0.20973889529705048,"y":-0.7156144380569458,"z":0.2417723834514618,"w":-0.6208477020263672},"size":84.0998306274414,"orthographic":false}